{
  "baking soda": ["lemon juice + baking powder", "potassium bicarbonate"],
  "egg": ["mashed banana", "yogurt", "applesauce"],
  "milk": ["soy milk", "almond milk", "water with butter"],
  "butter": ["olive oil", "coconut oil", "ghee"],
  "flour": ["almond flour", "oat flour", "coconut flour"],
  "sugar": ["honey", "maple syrup", "stevia", "coconut sugar"],
  "salt": ["sea salt", "Himalayan pink salt", "herb salt", "tamari"],
  "cheese": ["nutritional yeast", "cashew cheese", "tofu", "vegan cheese"],
  "yogurt": ["coconut yogurt", "cashew cream", "almond yogurt", "silken tofu"],
  "chicken": ["tofu", "tempeh", "seitan", "jackfruit"],
  "beef": ["lentils", "mushrooms", "tempeh", "cauliflower"],
  "honey": ["agave syrup", "maple syrup", "molasses", "brown rice syrup"],
  "mayonnaise": ["avocado", "vegan mayo", "cashew mayo", "olive oil dressing"],
  "vinegar": ["lemon juice", "apple cider vinegar", "lime juice", "white wine vinegar"],
  "sour cream": ["cashew cream", "coconut cream", "vegan sour cream", "yogurt"],
  "cream cheese": ["cashew cream cheese", "tofu cream cheese", "almond cream cheese", "vegan cream cheese"],
  "tomato paste": ["tomato sauce", "pureed tomatoes", "sundried tomato paste"],
  "peanut butter": ["almond butter", "cashew butter", "sunflower seed butter", "soy nut butter"],
  "cornstarch": ["arrowroot powder", "tapioca starch", "rice flour", "potato starch"],
  "breadcrumbs": ["oats", "ground almonds", "crushed rice cakes", "crushed crackers"],
  "cocoa powder": ["carob powder", "dark chocolate", "chocolate protein powder", "raw cacao nibs"],
  "bacon": ["tempeh bacon", "mushrooms", "crispy chickpeas", "eggplant bacon"],
  "tuna": ["chickpeas", "jackfruit", "tofu", "mushrooms"],
  "green chili": ["black pepper", "red chili powder", "paprika", "jalapeno"],
  "red chili powder": ["cayenne pepper", "paprika", "dried red chili flakes"],
  "coriander leaves": ["mint leaves", "curry leaves", "parsley"],
  "curd (dahi)": ["buttermilk", "yogurt", "cashew yogurt"],
  "paneer": ["tofu", "soya paneer", "ricotta cheese", "tempeh"],
  "ghee": ["butter", "coconut oil", "sesame oil", "olive oil"],
  "mustard seeds": ["cumin seeds", "caraway seeds", "fennel seeds"],
  "cumin seeds": ["caraway seeds", "fennel seeds", "coriander seeds"],
  "garam masala": ["curry powder", "chole masala", "homemade spice mix"],
  "asafoetida": ["onion powder", "garlic powder", "leek powder"],
  "besan": ["whole wheat flour", "rice flour", "oat flour"],
  "rice flour": ["corn flour", "arrowroot powder", "tapioca flour"],
  "semolina": ["cornmeal", "cream of wheat", "rice grits"],
  "tamarind paste": ["lemon juice + sugar", "amchur (dry mango powder)", "vinegar + sugar"],
  "amchur": ["lemon juice", "tamarind paste", "citric acid"],
  "coconut": ["cashew paste", "almond paste", "coconut milk"],
  "coconut milk": ["cashew milk", "almond milk", "soy milk"],
  "khoya": ["milk powder + cream", "ricotta cheese", "condensed milk"],
  "cream": ["cashew cream", "milk + butter", "hung curd"],
  "onion": ["leeks", "green onions", "asafetida (hing) in small amount"],
  "garlic": ["garlic powder", "asafoetida", "leeks"],
  "tomato": ["tomato puree", "red bell pepper paste", "yogurt (for curry)"],
  "curry leaves": ["bay leaf", "lime zest", "kaffir lime leaf"],
  "bay leaf": ["curry leaves", "cinnamon stick", "basil"],
  "whole spices (clove, cinnamon, cardamom)": ["garam masala", "chai masala", "mixed spice powder"],
  "urad dal": ["masoor dal", "chana dal", "moong dal"],
  "moong dal": ["masoor dal", "toor dal", "urad dal"],
  "toor dal": ["moong dal", "masoor dal", "chana dal"],
  "chana dal": ["yellow split peas", "moong dal", "toor dal"],
  "baking powder": ["baking soda + lemon juice", "self-rising flour"],
  "rice": ["quinoa", "millets", "cauliflower rice"],
  "maida (all-purpose flour)": ["whole wheat flour", "multigrain atta", "almond flour"],
  "poppy seeds": ["sesame seeds", "melon seeds", "cashew paste"],
  "melon seeds": ["cashew paste", "almond paste", "sunflower seeds"],
  "cashew nuts": ["almonds", "peanuts", "sunflower seeds"],
  "almonds": ["cashews", "sunflower seeds", "melon seeds"],
  "peanuts": ["cashews", "almonds", "sunflower seeds"],
  "oil": ["ghee", "mustard oil", "coconut oil", "olive oil"],
  "mustard oil": ["sesame oil", "olive oil", "ghee"],
  "milk powder": ["condensed milk", "evaporated milk", "khoya"],
  "condensed milk": ["milk powder + sugar", "khoya + sugar", "thickened milk"],
  "rose water": ["kewra water", "vanilla essence", "cardamom essence"],
  "saffron": ["turmeric + cardamom", "saffron essence", "yellow food color"],
  "lemon": ["vinegar", "lime", "amchur powder"],
  "lime": ["lemon", "vinegar", "tamarind"],
  "vanilla essence": ["rose water", "kewra water", "almond essence"],
  "sago": ["tapioca pearls", "arrowroot", "boiled potato"],
  "boiled potato": ["raw banana", "sweet potato", "pumpkin mash"],
  "sweet potato": ["pumpkin", "boiled potato", "carrot mash"],
  "raw banana": ["boiled potato", "jackfruit", "elephant yam"],
  "jackfruit": ["raw banana", "tofu", "soya chunks"],
  "soya chunks": ["paneer", "tofu", "tempeh"],
  "mustard greens": ["spinach", "fenugreek leaves", "radish greens"],
  "spinach": ["amaranth leaves", "malabar spinach", "cabbage"],
  "fenugreek leaves": ["spinach", "celery leaves", "coriander leaves"],
  "cabbage": ["lettuce", "spinach", "carrot"],
  "bottle gourd": ["zucchini", "cucumber", "ash gourd"],
  "ash gourd": ["bottle gourd", "zucchini", "cucumber"],
  "zucchini": ["cucumber", "ridge gourd", "bottle gourd"],
  "ridge gourd": ["zucchini", "bottle gourd", "cucumber"],
  "cucumber": ["zucchini", "bottle gourd", "ash gourd"],
  "brinjal": ["zucchini", "mushroom", "bell pepper"],
  "cauliflower": ["cabbage", "broccoli", "jackfruit"],
  "broccoli": ["cauliflower", "spinach", "zucchini"],
  "carrot": ["sweet potato", "pumpkin", "beetroot"],
  "beetroot": ["carrot", "red cabbage", "sweet potato"],
  "green peas": ["edamame", "matar paneer cubes", "chopped beans"],
  "French beans": ["cluster beans", "broad beans", "green peas"],
  "cluster beans": ["French beans", "broad beans", "green beans"],
  "drumstick": ["green beans", "ridge gourd", "zucchini"],
  "okra": ["zucchini", "eggplant", "bottle gourd"],
  "flaxseed": ["chia seeds", "pumpkin seeds", "sunflower seeds"],
  "chia seeds": ["flaxseeds", "basil seeds", "sabja"],
  "basil seeds": ["chia seeds", "tapioca pearls", "flaxseed gel"],
  "millets": ["quinoa", "brown rice", "wheat daliya"],
  "ragi ": ["oats", "wheat flour", "bajra flour"],
  "jowar": ["ragi flour", "bajra flour", "wheat flour"],
  "bajra": ["ragi flour", "jowar flour", "whole wheat flour"],
  "wheat daliya": ["broken rice", "quinoa", "millet porridge"],
  "poha": ["oats", "daliya", "rice flakes"],
  "idli rice": ["parboiled rice", "sona masoori rice", "basmati"],
  "sona masoori rice": ["idli rice", "basmati", "raw rice"],
  "basmati rice": ["sona masoori", "jeera rice", "jasmine rice"],
  "jeera rice": ["basmati", "sona masoori", "raw rice"],
  "sambar powder": ["rasam powder", "garam masala + chili powder", "madras curry powder"],
  "rasam powder": ["sambar powder", "black pepper + cumin", "garlic + tamarind"],
  "idli podi": ["gun powder", "chutney powder", "dry coconut chutney"],
  "coconut chutney": ["mint chutney", "tomato chutney", "curd with mustard seeds"],
  "mint chutney": ["coriander chutney", "tomato chutney", "green chutney"],
  "green chutney": ["mint chutney", "coriander chutney", "pudina dhania mix"],
  "tomato chutney": ["onion chutney", "garlic chutney", "capsicum chutney"],
  "tandoori masala": ["garam masala + paprika", "kitchen king masala", "chaat masala + chili"],
  "chaat masala": ["black salt + cumin", "amchur + garam masala", "lemon zest + coriander"],
  "kitchen king masala": ["garam masala", "pav bhaji masala", "tandoori masala"],
  "pav bhaji masala": ["garam masala", "kitchen king masala", "chole masala"],
  "chole masala": ["garam masala", "kitchen king masala", "rajma masala"],
  "rajma masala": ["chole masala", "garam masala + chili", "kitchen king masala"],
  "turmeric": ["saffron + cardamom", "curry powder", "yellow food color"],
  "black pepper": ["white pepper", "green chili powder", "red chili powder"],
  "white pepper": ["black pepper", "green chili powder", "ginger powder"],
  "ginger": ["ginger powder", "galangal", "dry ginger flakes"],
  "dry ginger powder": ["fresh ginger", "cinnamon + pepper"],
  "green cardamom": ["black cardamom", "cinnamon + clove", "vanilla essence"],
  "black cardamom": ["green cardamom", "cinnamon stick", "clove"],
  "clove": ["allspice", "cinnamon + nutmeg", "cardamom"],
  "cinnamon stick": ["cinnamon powder", "nutmeg + clove", "cardamom"],
  "nutmeg": ["mace", "cinnamon", "clove"],
  "mace": ["nutmeg", "cinnamon", "clove"],
  "sugar syrup": ["honey", "jaggery syrup", "maple syrup"],
  "ice cream": ["frozen yogurt", "fruit sorbet", "blended banana dessert"],
  "curd rice": ["yogurt with poha", "coconut milk with rice", "dahi + cooked rice mash"],
  "jaggery": ["brown sugar", "molasses", "date syrup"],
  "tea leaves": ["green tea", "tulsi leaves", "instant tea powder"],
  "coffee powder": ["chicory powder", "cocoa + hot water", "instant coffee"],
  "atta": ["multigrain flour", "oats flour", "millet flour"],
  "maida": ["wheat flour", "oats flour", "rice flour"],
  "refined oil": ["groundnut oil", "mustard oil", "rice bran oil"],
  "tamarind": ["lemon juice", "amchur powder", "tomato paste"],
  "green chilies": ["red chili powder", "black pepper", "dry red chilies"],
  "kasuri methi": ["crushed fenugreek seeds", "celery leaves"],
  "fennel seeds": ["anise seeds", "caraway seeds", "licorice root"],
  "coriander seeds": ["ground coriander", "cumin + parsley", "caraway"],
  "cardamom": ["cinnamon + nutmeg", "clove", "allspice"],
  "cloves": ["allspice", "cinnamon + nutmeg", "peppercorn (small qty)"],
  "sabudana": ["sago flour", "arrowroot powder", "boiled potatoes (for binding)"],
  "jowar flour": ["bajra flour", "ragi flour", "whole wheat flour"],
  "biryani masala": ["garam masala + mint powder", "kitchen king masala + cardamom", "tandoori masala + cinnamon"]

}
